anger,sadness,fear,joy,surprise
0.2553169983154771,0.26787370588558057,0.23467546841384299,0.15233681826527926,0.08979700911982003
